use SCHOOL;

INSERT INTO Main_Handler values('main' , 123456,'George','Konopisopoulos' );

-- Inserting the handler
INSERT INTO Handlers (Username, Passwords, Firstname,Lastname)
VALUES ('H1', 123456, 'Nikos','Georgakopoulos');

INSERT INTO School_Unit (Sname,Address,Town,Telephone,email,Principal,Handlerr,MHuser)
VALUES ('ΓΕΛ ΜΕΣΟΛΟΓΓΙΟΥ','kokkinopouloy','Μεσολόγγι','2631055344','abc@yahoo.com','Papadakos', 'H1','main');


UPDATE Handlers 
SET Mhandler = 'main',
Sname = 'ΓΕΛ ΜΕΣΟΛΟΓΓΙΟΥ' where Username = 'H1';

-- Inserting the school with the associated handler_id

INSERT INTO Handlers (Username, Passwords,Mhandler,Sname)
VALUES ('H2', 5398,'main',null);

-- Inserting the school with the associated handler_id
INSERT INTO School_Unit (Sname, Address, Town, Telephone, email, Principal, Handlerr, MHuser)
VALUES ('ΓΕΛ ΝΑΞΟΥ', 'Χαλκίου', 'Νάξος', '555-1234', 'xyz@example.com', 'Βιτζηλαίος', 'H2', 'main');

UPDATE Handlers 
SET Sname = 'ΓΕΛ ΝΑΞΟΥ' , 
Firstname = 'Babis', Lastname = 'Kollios';


INSERT INTO Handlers (Username, Passwords,Firstname,Lastname ,Mhandler, Sname)
VALUES ('H3', 333421, 'Mihalis','Fanartzis','main', null);

-- Inserting the school with the associated handler_id
INSERT INTO School_Unit (Sname, Address, Town, Telephone, email, Principal, Handlerr, MHuser)
VALUES ('ΓΕΛ ΖΩΓΡΑΦΟΥ', 'Παπάγου', 'Ζωγραφου', '21055248', 'new@example.com', 'Μούσχουρου', 'H3', 'main');

UPDATE Handlers
SET Sname = 'New Scho'
WHERE Username = 'Papadopoulos';
### na kanw ta updates

INSERT INTO Books (ISBN, Title, Author, Publisher, Npages, Summary, Ncopies, Acopies, Image, Theme, Blanguage, word_keys, Sunit, Huser)
VALUES 
('978012345670', 'Book0', 'Author0', 'Publisher3', 351, 'Book Summary', 100, 100, 'https://example.com/book_image0.jpg', 'Thriller', 'English', 'key1, key2, key3', 'ΓΕΛ ΜΕΣΟΛΟΓΓΙΟΥ', 'H3'),
('978012345671', 'Book1', 'Author1', 'Publisher8', 189, 'Book Summary', 100, 100, 'https://example.com/book_image1.jpg', 'Thriller', 'English', 'key1, key2, key3', 'ΓΕΛ ΜΕΣΟΛΟΓΓΙΟΥ', 'H2'),
('978012345672', 'Book2', 'Author2', 'Publisher2', 139, 'Book Summary', 100, 100, 'https://example.com/book_image2.jpg', 'Thriller', 'English', 'key1, key2, key3', 'ΓΕΛ ΝΑΞΟΥ', 'H3'),
('978012345673', 'Book3', 'Author3', 'Publisher10', 294, 'Book Summary', 100, 100, 'https://example.com/book_image3.jpg', 'Business', 'English', 'key1, key2, key3', 'ΓΕΛ ΖΩΓΡΑΦΟΥ', 'H2'),
('978012345674', 'Book4', 'Author4', 'Publisher4', 166, 'Book Summary', 100, 100, 'https://example.com/book_image4.jpg', 'Romance', 'English', 'key1, key2, key3', 'ΓΕΛ ΜΕΣΟΛΟΓΓΙΟΥ', 'H2'),
('978012345675', 'Book5', 'Author5', 'Publisher5', 443, 'Book Summary', 100, 100, 'https://example.com/book_image5.jpg', 'Science', 'English', 'key1, key2, key3', 'ΓΕΛ ΖΩΓΡΑΦΟΥ', 'H3'),
('978012345676', 'Book6', 'Author6', 'Publisher3', 413, 'Book Summary', 100, 100, 'https://example.com/book_image6.jpg', 'Fantasy', 'English', 'key1, key2, key3', 'ΓΕΛ ΜΕΣΟΛΟΓΓΙΟΥ', 'H3'),
('978012345677', 'Book7', 'Author7', 'Publisher5', 102, 'Book Summary', 100, 100, 'https://example.com/book_image7.jpg', 'Business', 'English', 'key1, key2, key3', 'ΓΕΛ ΝΑΞΟΥ', 'H2'),
('978012345678', 'Book8', 'Author8', 'Publisher1', 242, 'Book Summary', 100, 100, 'https://example.com/book_image8.jpg', 'Mystery', 'English', 'key1, key2, key3', 'ΓΕΛ ΖΩΓΡΑΦΟΥ', 'H1'),
('978012345679', 'Book9', 'Author9', 'Publisher10', 397, 'Book Summary', 100, 100, 'https://example.com/book_image9.jpg', 'Thriller', 'English', 'key1, key2, key3', 'ΓΕΛ ΜΕΣΟΛΟΓΓΙΟΥ', 'H2'),
('9780123456710', 'Book10', 'Author10', 'Publisher6', 245, 'Book Summary', 100, 100, 'https://example.com/book_image10.jpg', 'Non-fiction', 'English', 'key1, key2, key3', 'ΓΕΛ ΝΑΞΟΥ', 'H2'),
('9780123456711', 'Book11', 'Author11', 'Publisher10', 490, 'Book Summary', 100, 100, 'https://example.com/book_image11.jpg', 'Fantasy', 'English', 'key1, key2, key3', 'ΓΕΛ ΜΕΣΟΛΟΓΓΙΟΥ', 'H1'),
('9780123456712', 'Book12', 'Author12', 'Publisher6', 279, 'Book Summary', 100, 100, 'https://example.com/book_image12.jpg', 'Romance', 'English', 'key1, key2, key3', 'ΓΕΛ ΜΕΣΟΛΟΓΓΙΟΥ', 'H2'),
('9780123456713', 'Book13', 'Author13', 'Publisher4', 425, 'Book Summary', 100, 100, 'https://example.com/book_image13.jpg', 'Romance', 'English', 'key1, key2, key3', 'ΓΕΛ ΝΑΞΟΥ', 'H1'),
('9780123456714', 'Book14', 'Author14', 'Publisher10', 108, 'Book Summary', 100, 100, 'https://example.com/book_image14.jpg', 'Science fiction', 'English', 'key1, key2, key3', 'ΓΕΛ ΝΑΞΟΥ', 'H1'),
('9780123456715', 'Book15', 'Author15', 'Publisher4', 355, 'Book Summary', 100, 100, 'https://example.com/book_image15.jpg', 'Non-fiction', 'English', 'key1, key2, key3', 'ΓΕΛ ΝΑΞΟΥ', 'H3'),
('9780123456716', 'Book16', 'Author16', 'Publisher8', 398, 'Book Summary', 100, 100, 'https://example.com/book_image16.jpg', 'Science fiction', 'English', 'key1, key2, key3', 'ΓΕΛ ΖΩΓΡΑΦΟΥ', 'H1'),
('9780123456717', 'Book17', 'Author17', 'Publisher4', 482, 'Book Summary', 100, 100, 'https://example.com/book_image17.jpg', 'Romance', 'English', 'key1, key2, key3', 'ΓΕΛ ΖΩΓΡΑΦΟΥ', 'H3'),
('9780123456718', 'Book18', 'Author18', 'Publisher5', 498, 'Book Summary', 100, 100, 'https://example.com/book_image18.jpg', 'Philosophy', 'English', 'key1, key2, key3', 'ΓΕΛ ΜΕΣΟΛΟΓΓΙΟΥ', 'H2'),
('9780123456719', 'Book19', 'Author19', 'Publisher9', 224, 'Book Summary', 100, 100, 'https://example.com/book_image19.jpg', 'Personal Development', 'English', 'key1, key2, key3', 'ΓΕΛ ΝΑΞΟΥ', 'H1'),
('9780123456720', 'Book20', 'Author20', 'Publisher1', 136, 'Book Summary', 100, 100, 'https://example.com/book_image20.jpg', 'Travel', 'English', 'key1, key2, key3', 'ΓΕΛ ΖΩΓΡΑΦΟΥ', 'H1'),
('9780123456721', 'Book21', 'Author21', 'Publisher4', 139, 'Book Summary', 100, 100, 'https://example.com/book_image21.jpg', 'Science fiction', 'English', 'key1, key2, key3', 'ΓΕΛ ΝΑΞΟΥ', 'H2'),
('9780123456722', 'Book22', 'Author22', 'Publisher4', 254, 'Book Summary', 100, 100, 'https://example.com/book_image22.jpg', 'Business', 'English', 'key1, key2, key3', 'ΓΕΛ ΝΑΞΟΥ', 'H2'),
('9780123456723', 'Book23', 'Author23', 'Publisher10', 209, 'Book Summary', 100, 100, 'https://example.com/book_image23.jpg', 'Philosophy', 'English', 'key1, key2, key3', 'ΓΕΛ ΜΕΣΟΛΟΓΓΙΟΥ', 'H2'),
('9780123456724', 'Book24', 'Author24', 'Publisher3', 307, 'Book Summary', 100, 100, 'https://example.com/book_image24.jpg', 'Romance', 'English', 'key1, key2, key3', 'ΓΕΛ ΝΑΞΟΥ', 'H1'),
('9780123456725', 'Book25', 'Author25', 'Publisher5', 450, 'Book Summary', 100, 100, 'https://example.com/book_image25.jpg', 'Fantasy', 'English', 'key1, key2, key3', 'ΓΕΛ ΖΩΓΡΑΦΟΥ', 'H2'),
('9780123456726', 'Book26', 'Author26', 'Publisher5', 420, 'Book Summary', 100, 100, 'https://example.com/book_image26.jpg', 'Science fiction', 'English', 'key1, key2, key3', 'ΓΕΛ ΖΩΓΡΑΦΟΥ', 'H3'),
('9780123456727', 'Book27', 'Author27', 'Publisher9', 360, 'Book Summary', 100, 100, 'https://example.com/book_image27.jpg', 'Thriller', 'English', 'key1, key2, key3', 'ΓΕΛ ΖΩΓΡΑΦΟΥ', 'H3'),
('9780123456728', 'Book28', 'Author28', 'Publisher2', 222, 'Book Summary', 100, 100, 'https://example.com/book_image28.jpg', 'Fiction', 'English', 'key1, key2, key3', 'ΓΕΛ ΝΑΞΟΥ', 'H3'),
('9780123456729', 'Book29', 'Author29', 'Publisher8', 317, 'Book Summary', 100, 100, 'https://example.com/book_image29.jpg', 'Science', 'English', 'key1, key2, key3', 'ΓΕΛ ΖΩΓΡΑΦΟΥ', 'H2'),
('9780123456730', 'Book30', 'Author30', 'Publisher4', 278, 'Book Summary', 100, 100, 'https://example.com/book_image30.jpg', 'Thriller', 'English', 'key1, key2, key3', 'ΓΕΛ ΝΑΞΟΥ', 'H3'),
('9780123456731', 'Book31', 'Author31', 'Publisher5', 414, 'Book Summary', 100, 100, 'https://example.com/book_image31.jpg', 'Travel', 'English', 'key1, key2, key3', 'ΓΕΛ ΝΑΞΟΥ', 'H3'),
('9780123456732', 'Book32', 'Author32', 'Publisher8', 111, 'Book Summary', 100, 100, 'https://example.com/book_image32.jpg', 'Personal Development', 'English', 'key1, key2, key3', 'ΓΕΛ ΝΑΞΟΥ', 'H2'),
('9780123456733', 'Book33', 'Author33', 'Publisher10', 179, 'Book Summary', 100, 100, 'https://example.com/book_image33.jpg', 'Science fiction', 'English', 'key1, key2, key3', 'ΓΕΛ ΝΑΞΟΥ', 'H2'),
('9780123456734', 'Book34', 'Author34', 'Publisher1', 111, 'Book Summary', 100, 100, 'https://example.com/book_image34.jpg', 'Travel', 'English', 'key1, key2, key3', 'ΓΕΛ ΝΑΞΟΥ', 'H2'),
('9780123456735', 'Book35', 'Author35', 'Publisher5', 148, 'Book Summary', 100, 100, 'https://example.com/book_image35.jpg', 'Personal Development', 'English', 'key1, key2, key3', 'ΓΕΛ ΝΑΞΟΥ', 'H3'),
('9780123456736', 'Book36', 'Author36', 'Publisher8', 473, 'Book Summary', 100, 100, 'https://example.com/book_image36.jpg', 'Thriller', 'English', 'key1, key2, key3', 'ΓΕΛ ΜΕΣΟΛΟΓΓΙΟΥ', 'H1'),
('9780123456737', 'Book37', 'Author37', 'Publisher3', 355, 'Book Summary', 100, 100, 'https://example.com/book_image37.jpg', 'Thriller', 'English', 'key1, key2, key3', 'ΓΕΛ ΜΕΣΟΛΟΓΓΙΟΥ', 'H1'),
('9780123456738', 'Book38', 'Author38', 'Publisher10', 371, 'Book Summary', 100, 100, 'https://example.com/book_image38.jpg', 'Fiction', 'English', 'key1, key2, key3', 'ΓΕΛ ΝΑΞΟΥ', 'H3'),
('9780123456739', 'Book39', 'Author39', 'Publisher4', 141, 'Book Summary', 100, 100, 'https://example.com/book_image39.jpg', 'Historical fiction', 'English', 'key1, key2, key3', 'ΓΕΛ ΖΩΓΡΑΦΟΥ', 'H3'),
('9780123456740', 'Book40', 'Author40', 'Publisher10', 269, 'Book Summary', 100, 100, 'https://example.com/book_image40.jpg', 'Business', 'English', 'key1, key2, key3', 'ΓΕΛ ΝΑΞΟΥ', 'H3'),
('9780123456741', 'Book41', 'Author41', 'Publisher2', 374, 'Book Summary', 100, 100, 'https://example.com/book_image41.jpg', 'Romance', 'English', 'key1, key2, key3', 'ΓΕΛ ΜΕΣΟΛΟΓΓΙΟΥ', 'H1'),
('9780123456742', 'Book42', 'Author42', 'Publisher6', 279, 'Book Summary', 100, 100, 'https://example.com/book_image42.jpg', 'Romance', 'English', 'key1, key2, key3', 'ΓΕΛ ΖΩΓΡΑΦΟΥ', 'H2'),
('9780123456743', 'Book43', 'Author43', 'Publisher1', 142, 'Book Summary', 100, 100, 'https://example.com/book_image43.jpg', 'Romance', 'English', 'key1, key2, key3', 'ΓΕΛ ΖΩΓΡΑΦΟΥ', 'H3'),
('9780123456744', 'Book44', 'Author44', 'Publisher7', 451, 'Book Summary', 100, 100, 'https://example.com/book_image44.jpg', 'Thriller', 'English', 'key1, key2, key3', 'ΓΕΛ ΜΕΣΟΛΟΓΓΙΟΥ', 'H1'),
('9780123456745', 'Book45', 'Author45', 'Publisher3', 304, 'Book Summary', 100, 100, 'https://example.com/book_image45.jpg', 'Travel', 'English', 'key1, key2, key3', 'ΓΕΛ ΜΕΣΟΛΟΓΓΙΟΥ', 'H2'),
('9780123456746', 'Book46', 'Author46', 'Publisher7', 455, 'Book Summary', 100, 100, 'https://example.com/book_image46.jpg', 'Historical fiction', 'English', 'key1, key2, key3', 'ΓΕΛ ΖΩΓΡΑΦΟΥ', 'H2'),
('9780123456747', 'Book47', 'Author47', 'Publisher2', 442, 'Book Summary', 100, 100, 'https://example.com/book_image47.jpg', 'Fiction', 'English', 'key1, key2, key3', 'ΓΕΛ ΝΑΞΟΥ', 'H1'),
('9780123456748', 'Book48', 'Author48', 'Publisher3', 228, 'Book Summary', 100, 100, 'https://example.com/book_image48.jpg', 'Poetry', 'English', 'key1, key2, key3', 'ΓΕΛ ΖΩΓΡΑΦΟΥ', 'H3'),
('9780123456749', 'Book49', 'Author49', 'Publisher6', 487, 'Book Summary', 100, 100, 'https://example.com/book_image49.jpg', 'Fantasy', 'English', 'key1, key2, key3', 'ΓΕΛ ΝΑΞΟΥ', 'H3'),
('9780123456750', 'Book50', 'Author50', 'Publisher8', 433, 'Book Summary', 100, 100, 'https://example.com/book_image50.jpg', 'Poetry', 'English', 'key1, key2, key3', 'ΓΕΛ ΝΑΞΟΥ', 'H2'),
('9780123456751', 'Book51', 'Author51', 'Publisher6', 383, 'Book Summary', 100, 100, 'https://example.com/book_image51.jpg', 'Historical fiction', 'English', 'key1, key2, key3', 'ΓΕΛ ΖΩΓΡΑΦΟΥ', 'H1'),
('9780123456752', 'Book52', 'Author52', 'Publisher6', 341, 'Book Summary', 100, 100, 'https://example.com/book_image52.jpg', 'Poetry', 'English', 'key1, key2, key3', 'ΓΕΛ ΜΕΣΟΛΟΓΓΙΟΥ', 'H2'),
('9780123456753', 'Book53', 'Author53', 'Publisher6', 275, 'Book Summary', 100, 100, 'https://example.com/book_image53.jpg', 'Business', 'English', 'key1, key2, key3', 'ΓΕΛ ΖΩΓΡΑΦΟΥ', 'H2'),
('9780123456754', 'Book54', 'Author54', 'Publisher4', 324, 'Book Summary', 100, 100, 'https://example.com/book_image54.jpg', 'Travel', 'English', 'key1, key2, key3', 'ΓΕΛ ΖΩΓΡΑΦΟΥ', 'H2'),
('9780123456755', 'Book55', 'Author55', 'Publisher5', 160, 'Book Summary', 100, 100, 'https://example.com/book_image55.jpg', 'Poetry', 'English', 'key1, key2, key3', 'ΓΕΛ ΝΑΞΟΥ', 'H3'),
('9780123456756', 'Book56', 'Author56', 'Publisher9', 387, 'Book Summary', 100, 100, 'https://example.com/book_image56.jpg', 'Science fiction', 'English', 'key1, key2, key3', 'ΓΕΛ ΝΑΞΟΥ', 'H1'),
('9780123456757', 'Book57', 'Author57', 'Publisher3', 312, 'Book Summary', 100, 100, 'https://example.com/book_image57.jpg', 'Mystery', 'English', 'key1, key2, key3', 'ΓΕΛ ΝΑΞΟΥ', 'H2'),
('9780123456758', 'Book58', 'Author58', 'Publisher9', 473, 'Book Summary', 100, 100, 'https://example.com/book_image58.jpg', 'Poetry', 'English', 'key1, key2, key3', 'ΓΕΛ ΜΕΣΟΛΟΓΓΙΟΥ', 'H1'),
('9780123456759', 'Book59', 'Author59', 'Publisher9', 345, 'Book Summary', 100, 100, 'https://example.com/book_image59.jpg', 'Mystery', 'English', 'key1, key2, key3', 'ΓΕΛ ΖΩΓΡΑΦΟΥ', 'H2'),
('9780123456760', 'Book60', 'Author60', 'Publisher3', 373, 'Book Summary', 100, 100, 'https://example.com/book_image60.jpg', 'Science fiction', 'English', 'key1, key2, key3', 'ΓΕΛ ΖΩΓΡΑΦΟΥ', 'H3'),
('9780123456761', 'Book61', 'Author61', 'Publisher1', 224, 'Book Summary', 100, 100, 'https://example.com/book_image61.jpg', 'Fiction', 'English', 'key1, key2, key3', 'ΓΕΛ ΝΑΞΟΥ', 'H3'),
('9780123456762', 'Book62', 'Author62', 'Publisher10', 480, 'Book Summary', 100, 100, 'https://example.com/book_image62.jpg', 'Fantasy', 'English', 'key1, key2, key3', 'ΓΕΛ ΖΩΓΡΑΦΟΥ', 'H3'),
('9780123456763', 'Book63', 'Author63', 'Publisher9', 235, 'Book Summary', 100, 100, 'https://example.com/book_image63.jpg', 'Historical fiction', 'English', 'key1, key2, key3', 'ΓΕΛ ΜΕΣΟΛΟΓΓΙΟΥ', 'H3'),
('9780123456764', 'Book64', 'Author64', 'Publisher7', 481, 'Book Summary', 100, 100, 'https://example.com/book_image64.jpg', 'Fantasy', 'English', 'key1, key2, key3', 'ΓΕΛ ΖΩΓΡΑΦΟΥ', 'H1'),
('9780123456765', 'Book65', 'Author65', 'Publisher3', 276, 'Book Summary', 100, 100, 'https://example.com/book_image65.jpg', 'Business', 'English', 'key1, key2, key3', 'ΓΕΛ ΜΕΣΟΛΟΓΓΙΟΥ', 'H1'),
('9780123456766', 'Book66', 'Author66', 'Publisher1', 392, 'Book Summary', 100, 100, 'https://example.com/book_image66.jpg', 'Travel', 'English', 'key1, key2, key3', 'ΓΕΛ ΝΑΞΟΥ', 'H2'),
('9780123456767', 'Book67', 'Author67', 'Publisher1', 300, 'Book Summary', 100, 100, 'https://example.com/book_image67.jpg', 'Mystery', 'English', 'key1, key2, key3', 'ΓΕΛ ΝΑΞΟΥ', 'H1'),
('9780123456768', 'Book68', 'Author68', 'Publisher7', 364, 'Book Summary', 100, 100, 'https://example.com/book_image68.jpg', 'Business', 'English', 'key1, key2, key3', 'ΓΕΛ ΝΑΞΟΥ', 'H3'),
('9780123456769', 'Book69', 'Author69', 'Publisher2', 362, 'Book Summary', 100, 100, 'https://example.com/book_image69.jpg', 'Thriller', 'English', 'key1, key2, key3', 'ΓΕΛ ΝΑΞΟΥ', 'H3'),
('9780123456770', 'Book70', 'Author70', 'Publisher6', 158, 'Book Summary', 100, 100, 'https://example.com/book_image70.jpg', 'Travel', 'English', 'key1, key2, key3', 'ΓΕΛ ΝΑΞΟΥ', 'H2'),
('9780123456771', 'Book71', 'Author71', 'Publisher1', 459, 'Book Summary', 100, 100, 'https://example.com/book_image71.jpg', 'Science', 'English', 'key1, key2, key3', 'ΓΕΛ ΜΕΣΟΛΟΓΓΙΟΥ', 'H1'),
('9780123456772', 'Book72', 'Author72', 'Publisher1', 290, 'Book Summary', 100, 100, 'https://example.com/book_image72.jpg', 'Science fiction', 'English', 'key1, key2, key3', 'ΓΕΛ ΝΑΞΟΥ', 'H1'),
('9780123456773', 'Book73', 'Author73', 'Publisher10', 176, 'Book Summary', 100, 100, 'https://example.com/book_image73.jpg', 'Poetry', 'English', 'key1, key2, key3', 'ΓΕΛ ΖΩΓΡΑΦΟΥ', 'H1'),
('9780123456774', 'Book74', 'Author74', 'Publisher8', 385, 'Book Summary', 100, 100, 'https://example.com/book_image74.jpg', 'Business', 'English', 'key1, key2, key3', 'ΓΕΛ ΖΩΓΡΑΦΟΥ', 'H2'),
('9780123456775', 'Book75', 'Author75', 'Publisher7', 113, 'Book Summary', 100, 100, 'https://example.com/book_image75.jpg', 'Historical fiction', 'English', 'key1, key2, key3', 'ΓΕΛ ΖΩΓΡΑΦΟΥ', 'H3'),
('9780123456776', 'Book76', 'Author76', 'Publisher4', 432, 'Book Summary', 100, 100, 'https://example.com/book_image76.jpg', 'Science fiction', 'English', 'key1, key2, key3', 'ΓΕΛ ΜΕΣΟΛΟΓΓΙΟΥ', 'H3'),
('9780123456777', 'Book77', 'Author77', 'Publisher4', 124, 'Book Summary', 100, 100, 'https://example.com/book_image77.jpg', 'Biography', 'English', 'key1, key2, key3', 'ΓΕΛ ΜΕΣΟΛΟΓΓΙΟΥ', 'H1'),
('9780123456778', 'Book78', 'Author78', 'Publisher9', 364, 'Book Summary', 100, 100, 'https://example.com/book_image78.jpg', 'Biography', 'English', 'key1, key2, key3', 'ΓΕΛ ΖΩΓΡΑΦΟΥ', 'H1'),
('9780123456779', 'Book79', 'Author79', 'Publisher3', 383, 'Book Summary', 100, 100, 'https://example.com/book_image79.jpg', 'Business', 'English', 'key1, key2, key3', 'ΓΕΛ ΜΕΣΟΛΟΓΓΙΟΥ', 'H2'),
('9780123456780', 'Book80', 'Author80', 'Publisher1', 454, 'Book Summary', 100, 100, 'https://example.com/book_image80.jpg', 'Philosophy', 'English', 'key1, key2, key3', 'ΓΕΛ ΝΑΞΟΥ', 'H1'),
('9780123456781', 'Book81', 'Author81', 'Publisher10', 371, 'Book Summary', 100, 100, 'https://example.com/book_image81.jpg', 'Fiction', 'English', 'key1, key2, key3', 'ΓΕΛ ΖΩΓΡΑΦΟΥ', 'H2'),
('9780123456782', 'Book82', 'Author82', 'Publisher1', 470, 'Book Summary', 100, 100, 'https://example.com/book_image82.jpg', 'Mystery', 'English', 'key1, key2, key3', 'ΓΕΛ ΖΩΓΡΑΦΟΥ', 'H3'),
('9780123456783', 'Book83', 'Author83', 'Publisher9', 306, 'Book Summary', 100, 100, 'https://example.com/book_image83.jpg', 'Business', 'English', 'key1, key2, key3', 'ΓΕΛ ΖΩΓΡΑΦΟΥ', 'H1'),
('9780123456784', 'Book84', 'Author84', 'Publisher7', 184, 'Book Summary', 100, 100, 'https://example.com/book_image84.jpg', 'Thriller', 'English', 'key1, key2, key3', 'ΓΕΛ ΜΕΣΟΛΟΓΓΙΟΥ', 'H3'),
('9780123456785', 'Book85', 'Author85', 'Publisher2', 130, 'Book Summary', 100, 100, 'https://example.com/book_image85.jpg', 'Fiction', 'English', 'key1, key2, key3', 'ΓΕΛ ΖΩΓΡΑΦΟΥ', 'H2'),
('9780123456786', 'Book86', 'Author86', 'Publisher9', 231, 'Book Summary', 100, 100, 'https://example.com/book_image86.jpg', 'Poetry', 'English', 'key1, key2, key3', 'ΓΕΛ ΖΩΓΡΑΦΟΥ', 'H3'),
('9780123456787', 'Book87', 'Author87', 'Publisher8', 420, 'Book Summary', 100, 100, 'https://example.com/book_image87.jpg', 'Romance', 'English', 'key1, key2, key3', 'ΓΕΛ ΜΕΣΟΛΟΓΓΙΟΥ', 'H1'),
('9780123456788', 'Book88', 'Author88', 'Publisher10', 444, 'Book Summary', 100, 100, 'https://example.com/book_image88.jpg', 'Philosophy', 'English', 'key1, key2, key3', 'ΓΕΛ ΜΕΣΟΛΟΓΓΙΟΥ', 'H3'),
('9780123456789', 'Book89', 'Author89', 'Publisher8', 174, 'Book Summary', 100, 100, 'https://example.com/book_image89.jpg', 'Non-fiction', 'English', 'key1, key2, key3', 'ΓΕΛ ΝΑΞΟΥ', 'H2'),
('9780123456790', 'Book90', 'Author90', 'Publisher10', 417, 'Book Summary', 100, 100, 'https://example.com/book_image90.jpg', 'Personal Development', 'English', 'key1, key2, key3', 'ΓΕΛ ΝΑΞΟΥ', 'H2'),
('9780123456791', 'Book91', 'Author91', 'Publisher7', 193, 'Book Summary', 100, 100, 'https://example.com/book_image91.jpg', 'Science fiction', 'English', 'key1, key2, key3', 'ΓΕΛ ΖΩΓΡΑΦΟΥ', 'H1'),
('9780123456792', 'Book92', 'Author92', 'Publisher6', 180, 'Book Summary', 100, 100, 'https://example.com/book_image92.jpg', 'Philosophy', 'English', 'key1, key2, key3', 'ΓΕΛ ΖΩΓΡΑΦΟΥ', 'H3'),
('9780123456793', 'Book93', 'Author93', 'Publisher3', 461, 'Book Summary', 100, 100, 'https://example.com/book_image93.jpg', 'Personal Development', 'English', 'key1, key2, key3', 'ΓΕΛ ΖΩΓΡΑΦΟΥ', 'H2'),
('9780123456794', 'Book94', 'Author94', 'Publisher3', 389, 'Book Summary', 100, 100, 'https://example.com/book_image94.jpg', 'Philosophy', 'English', 'key1, key2, key3', 'ΓΕΛ ΝΑΞΟΥ', 'H1'),
('9780123456795', 'Book95', 'Author95', 'Publisher4', 302, 'Book Summary', 100, 100, 'https://example.com/book_image95.jpg', 'Biography', 'English', 'key1, key2, key3', 'ΓΕΛ ΖΩΓΡΑΦΟΥ', 'H2'),
('9780123456796', 'Book96', 'Author96', 'Publisher6', 437, 'Book Summary', 100, 100, 'https://example.com/book_image96.jpg', 'Poetry', 'English', 'key1, key2, key3', 'ΓΕΛ ΝΑΞΟΥ', 'H1'),
('9780123456797', 'Book97', 'Author97', 'Publisher10', 448, 'Book Summary', 100, 100, 'https://example.com/book_image97.jpg', 'Non-fiction', 'English', 'key1, key2, key3', 'ΓΕΛ ΜΕΣΟΛΟΓΓΙΟΥ', 'H1'),
('9780123456798', 'Book98', 'Author98', 'Publisher1', 291, 'Book Summary', 100, 100, 'https://example.com/book_image98.jpg', 'Business', 'English', 'key1, key2, key3', 'ΓΕΛ ΝΑΞΟΥ', 'H2'),
('9780123456799', 'Book99', 'Author99', 'Publisher9', 343, 'Book Summary', 100, 100, 'https://example.com/book_image99.jpg', 'Science', 'English', 'key1, key2, key3', 'ΓΕΛ ΜΕΣΟΛΟΓΓΙΟΥ', 'H1'),
('97801234567100', 'Book100', 'Author100', 'Publisher2', 481, 'Book Summary', 100, 100, 'https://example.com/book_image100.jpg', 'Biography', 'English', 'key1, key2, key3', 'ΓΕΛ ΝΑΞΟΥ', 'H3');

insert into Books 
values
('878012345670', 'Book0', 'Author0', 'Publisher8', 248, 'Book Summary', 100, 100, 'https://example.com/book_image0.jpg', 'Business', 'English', 'key1, key2, key3', 'ΓΕΛ ΜΕΣΟΛΟΓΓΙΟΥ', 'H3'),
('878012345671', 'Book1', 'Author1', 'Publisher8', 213, 'Book Summary', 100, 100, 'https://example.com/book_image1.jpg', 'Non-fiction', 'English', 'key1, key2, key3', 'ΓΕΛ ΜΕΣΟΛΟΓΓΙΟΥ', 'H3'),
('878012345672', 'Book2', 'Author1', 'Publisher5', 229, 'Book Summary', 100, 100, 'https://example.com/book_image2.jpg', 'Personal Development', 'English', 'key1, key2, key3', 'ΓΕΛ ΜΕΣΟΛΟΓΓΙΟΥ', 'H1'),
('878012345673', 'Book3', 'Author4', 'Publisher10', 201, 'Book Summary', 100, 100, 'https://example.com/book_image3.jpg', 'Thriller', 'English', 'key1, key2, key3', 'ΓΕΛ ΖΩΓΡΑΦΟΥ', 'H1'),
('878012345674', 'Book4', 'Author4', 'Publisher9', 210, 'Book Summary', 100, 100, 'https://example.com/book_image4.jpg', 'Non-fiction', 'English', 'key1, key2, key3', 'ΓΕΛ ΜΕΣΟΛΟΓΓΙΟΥ', 'H1'),
('878012345675', 'Book5', 'Author3', 'Publisher6', 262, 'Book Summary', 100, 100, 'https://example.com/book_image5.jpg', 'Fiction', 'English', 'key1, key2, key3', 'ΓΕΛ ΜΕΣΟΛΟΓΓΙΟΥ', 'H3'),
('878012345676', 'Book6', 'Author4', 'Publisher7', 129, 'Book Summary', 100, 100, 'https://example.com/book_image6.jpg', 'Thriller', 'English', 'key1, key2, key3', 'ΓΕΛ ΖΩΓΡΑΦΟΥ', 'H1'),
('878012345677', 'Book7', 'Author3', 'Publisher6', 431, 'Book Summary', 100, 100, 'https://example.com/book_image7.jpg', 'Non-fiction', 'English', 'key1, key2, key3', 'ΓΕΛ ΝΑΞΟΥ', 'H1'),
('878012345678', 'Book8', 'Author0', 'Publisher3', 105, 'Book Summary', 100, 100, 'https://example.com/book_image8.jpg', 'Philosophy', 'English', 'key1, key2, key3', 'ΓΕΛ ΜΕΣΟΛΟΓΓΙΟΥ', 'H1'),
('878012345679', 'Book9', 'Author2', 'Publisher9', 386, 'Book Summary', 100, 100, 'https://example.com/book_image9.jpg', 'Thriller', 'English', 'key1, key2, key3', 'ΓΕΛ ΜΕΣΟΛΟΓΓΙΟΥ', 'H2'),
('8780123456710', 'Book10', 'Author4', 'Publisher9', 180, 'Book Summary', 100, 100, 'https://example.com/book_image10.jpg', 'Mystery', 'English', 'key1, key2, key3', 'ΓΕΛ ΜΕΣΟΛΟΓΓΙΟΥ', 'H1'),
('8780123456711', 'Book11', 'Author4', 'Publisher2', 311, 'Book Summary', 100, 100, 'https://example.com/book_image11.jpg', 'Fiction', 'English', 'key1, key2, key3', 'ΓΕΛ ΖΩΓΡΑΦΟΥ', 'H3'),
('8780123456712', 'Book12', 'Author3', 'Publisher9', 226, 'Book Summary', 100, 100, 'https://example.com/book_image12.jpg', 'Poetry', 'English', 'key1, key2, key3', 'ΓΕΛ ΝΑΞΟΥ', 'H1'),
('8780123456713', 'Book13', 'Author2', 'Publisher3', 475, 'Book Summary', 100, 100, 'https://example.com/book_image13.jpg', 'Poetry', 'English', 'key1, key2, key3', 'ΓΕΛ ΝΑΞΟΥ', 'H1'),
('8780123456714', 'Book14', 'Author4', 'Publisher5', 172, 'Book Summary', 100, 100, 'https://example.com/book_image14.jpg', 'Historical fiction', 'English', 'key1, key2, key3', 'ΓΕΛ ΖΩΓΡΑΦΟΥ', 'H2'),
('8780123456715', 'Book15', 'Author3', 'Publisher10', 338, 'Book Summary', 100, 100, 'https://example.com/book_image15.jpg', 'Romance', 'English', 'key1, key2, key3', 'ΓΕΛ ΖΩΓΡΑΦΟΥ', 'H3'),
('8780123456716', 'Book16', 'Author2', 'Publisher1', 420, 'Book Summary', 100, 100, 'https://example.com/book_image16.jpg', 'Personal Development', 'English', 'key1, key2, key3', 'ΓΕΛ ΜΕΣΟΛΟΓΓΙΟΥ', 'H1'),
('8780123456717', 'Book17', 'Author0', 'Publisher7', 461, 'Book Summary', 100, 100, 'https://example.com/book_image17.jpg', 'Fiction', 'English', 'key1, key2, key3', 'ΓΕΛ ΝΑΞΟΥ', 'H3'),
('8780123456718', 'Book18', 'Author2', 'Publisher3', 254, 'Book Summary', 100, 100, 'https://example.com/book_image18.jpg', 'Travel', 'English', 'key1, key2, key3', 'ΓΕΛ ΖΩΓΡΑΦΟΥ', 'H1'),
('8780123456719', 'Book19', 'Author2', 'Publisher7', 146, 'Book Summary', 100, 100, 'https://example.com/book_image19.jpg', 'Philosophy', 'English', 'key1, key2, key3', 'ΓΕΛ ΜΕΣΟΛΟΓΓΙΟΥ', 'H1'),
('8780123456720', 'Book20', 'Author1', 'Publisher6', 186, 'Book Summary', 100, 100, 'https://example.com/book_image20.jpg', 'Philosophy', 'English', 'key1, key2, key3', 'ΓΕΛ ΝΑΞΟΥ', 'H1'),
('8780123456721', 'Book21', 'Author1', 'Publisher3', 328, 'Book Summary', 100, 100, 'https://example.com/book_image21.jpg', 'Personal Development', 'English', 'key1, key2, key3', 'ΓΕΛ ΜΕΣΟΛΟΓΓΙΟΥ', 'H1'),
('8780123456722', 'Book22', 'Author2', 'Publisher6', 298, 'Book Summary', 100, 100, 'https://example.com/book_image22.jpg', 'Mystery', 'English', 'key1, key2, key3', 'ΓΕΛ ΖΩΓΡΑΦΟΥ', 'H2'),
('8780123456723', 'Book23', 'Author3', 'Publisher10', 164, 'Book Summary', 100, 100, 'https://example.com/book_image23.jpg', 'Poetry', 'English', 'key1, key2, key3', 'ΓΕΛ ΖΩΓΡΑΦΟΥ', 'H2'),
('8780123456724', 'Book24', 'Author3', 'Publisher7', 489, 'Book Summary', 100, 100, 'https://example.com/book_image24.jpg', 'Philosophy', 'English', 'key1, key2, key3', 'ΓΕΛ ΖΩΓΡΑΦΟΥ', 'H3'),
('8780123456725', 'Book25', 'Author3', 'Publisher4', 489, 'Book Summary', 100, 100, 'https://example.com/book_image25.jpg', 'Thriller', 'English', 'key1, key2, key3', 'ΓΕΛ ΝΑΞΟΥ', 'H1'),
('8780123456726', 'Book26', 'Author4', 'Publisher8', 258, 'Book Summary', 100, 100, 'https://example.com/book_image26.jpg', 'Business', 'English', 'key1, key2, key3', 'ΓΕΛ ΝΑΞΟΥ', 'H3'),
('8780123456727', 'Book27', 'Author4', 'Publisher2', 500, 'Book Summary', 100, 100, 'https://example.com/book_image27.jpg', 'Science fiction', 'English', 'key1, key2, key3', 'ΓΕΛ ΜΕΣΟΛΟΓΓΙΟΥ', 'H3'),
('8780123456728', 'Book28', 'Author0', 'Publisher10', 101, 'Book Summary', 100, 100, 'https://example.com/book_image28.jpg', 'Poetry', 'English', 'key1, key2, key3', 'ΓΕΛ ΝΑΞΟΥ', 'H3'),
('8780123456729', 'Book29', 'Author3', 'Publisher9', 246, 'Book Summary', 100, 100, 'https://example.com/book_image29.jpg', 'Business', 'English', 'key1, key2, key3', 'ΓΕΛ ΖΩΓΡΑΦΟΥ', 'H2'),
('8780123456730', 'Book30', 'Author0', 'Publisher6', 438, 'Book Summary', 100, 100, 'https://example.com/book_image30.jpg', 'Thriller', 'English', 'key1, key2, key3', 'ΓΕΛ ΝΑΞΟΥ', 'H1'),
('8780123456731', 'Book31', 'Author4', 'Publisher7', 407, 'Book Summary', 100, 100, 'https://example.com/book_image31.jpg', 'Science fiction', 'English', 'key1, key2, key3', 'ΓΕΛ ΝΑΞΟΥ', 'H3'),
('8780123456732', 'Book32', 'Author4', 'Publisher9', 313, 'Book Summary', 100, 100, 'https://example.com/book_image32.jpg', 'Travel', 'English', 'key1, key2, key3', 'ΓΕΛ ΜΕΣΟΛΟΓΓΙΟΥ', 'H1'),
('8780123456733', 'Book33', 'Author1', 'Publisher10', 455, 'Book Summary', 100, 100, 'https://example.com/book_image33.jpg', 'Romance', 'English', 'key1, key2, key3', 'ΓΕΛ ΖΩΓΡΑΦΟΥ', 'H2'),
('8780123456734', 'Book34', 'Author2', 'Publisher10', 175, 'Book Summary', 100, 100, 'https://example.com/book_image34.jpg', 'Non-fiction', 'English', 'key1, key2, key3', 'ΓΕΛ ΖΩΓΡΑΦΟΥ', 'H3'),
('8780123456735', 'Book35', 'Author1', 'Publisher4', 319, 'Book Summary', 100, 100, 'https://example.com/book_image35.jpg', 'Science fiction', 'English', 'key1, key2, key3', 'ΓΕΛ ΖΩΓΡΑΦΟΥ', 'H3'),
('8780123456736', 'Book36', 'Author1', 'Publisher9', 413, 'Book Summary', 100, 100, 'https://example.com/book_image36.jpg', 'Philosophy', 'English', 'key1, key2, key3', 'ΓΕΛ ΝΑΞΟΥ', 'H2'),
('8780123456737', 'Book37', 'Author2', 'Publisher6', 450, 'Book Summary', 100, 100, 'https://example.com/book_image37.jpg', 'Thriller', 'English', 'key1, key2, key3', 'ΓΕΛ ΜΕΣΟΛΟΓΓΙΟΥ', 'H3'),
('8780123456738', 'Book38', 'Author3', 'Publisher8', 452, 'Book Summary', 100, 100, 'https://example.com/book_image38.jpg', 'Fantasy', 'English', 'key1, key2, key3', 'ΓΕΛ ΜΕΣΟΛΟΓΓΙΟΥ', 'H1'),
('8780123456739', 'Book39', 'Author0', 'Publisher8', 268, 'Book Summary', 100, 100, 'https://example.com/book_image39.jpg', 'Mystery', 'English', 'key1, key2, key3', 'ΓΕΛ ΜΕΣΟΛΟΓΓΙΟΥ', 'H3'),
('8780123456740', 'Book40', 'Author3', 'Publisher7', 311, 'Book Summary', 100, 100, 'https://example.com/book_image40.jpg', 'Biography', 'English', 'key1, key2, key3', 'ΓΕΛ ΖΩΓΡΑΦΟΥ', 'H3');


INSERT INTO Users  
VALUES
('student0', 3848, 0, 'Michael', 'Miller', 1),
('student1', 2001, 0, 'John', 'Johnson', 0),
('student2', 4456, 0, 'Emily', 'Johnson', 2),
('student3', 5288, 0, 'Michael', 'Brown', 1),
('student4', 2422, 0, 'Olivia', 'Johnson', 2),
('student5', 9653, 0, 'Michael', 'Wilson', 1),
('student6', 6706, 0, 'Michael', 'Brown', 2),
('student7', 5114, 0, 'Jane', 'Smith', 2),
('student8', 2835, 0, 'William', 'Johnson', 2),
('student9', 4986, 0, 'William', 'Miller', 0),
('student10', 1226, 0, 'Michael', 'Brown', 0),
('student11', 8304, 0, 'Jane', 'Smith', 0),
('student12', 7524, 0, 'Olivia', 'Johnson', 0),
('student13', 5478, 0, 'Michael', 'Smith', 1),
('student14', 5416, 0, 'William', 'Wilson', 0),
('student15', 9837, 0, 'Michael', 'Miller', 1),
('student16', 6809, 0, 'Olivia', 'Davis', 2),
('student17', 1043, 0, 'John', 'Wilson', 0),
('student18', 1222, 0, 'Jane', 'Smith', 1),
('student19', 1986, 0, 'John', 'Wilson', 0),
('student20', 5445, 0, 'Michael', 'Miller', 2),
('student21', 3481, 0, 'Emily', 'Johnson', 2),
('student22', 1725, 0, 'Jane', 'Davis', 0),
('student23', 3042, 0, 'William', 'Wilson', 2),
('student24', 3090, 0, 'William', 'Smith', 0),
('student25', 9560, 0, 'Michael', 'Smith', 0),
('student26', 4172, 0, 'Michael', 'Johnson', 1),
('student27', 9652, 0, 'John', 'Brown', 1),
('student28', 6570, 0, 'Jane', 'Brown', 0),
('student29', 6683, 0, 'Emily', 'Wilson', 2),
('student30', 1140, 0, 'Olivia', 'Brown', 2),
('teacher0', 9406, 1, 'Jane', 'Brown', 0),
('teacher1', 9593, 1, 'Michael', 'Johnson', 1),
('teacher2', 8326, 1, 'John', 'Smith', 1),
('teacher3', 7422, 1, 'Emily', 'Brown', 0),
('teacher4', 8458, 1, 'William', 'Brown', 1),
('teacher5', 2762, 1, 'Michael', 'Miller', 0),
('teacher6', 7902, 1, 'Michael', 'Smith', 1),
('teacher7', 2980, 1, 'John', 'Wilson', 1),
('teacher8', 2049, 1, 'Olivia', 'Davis', 0),
('teacher9', 4829, 1, 'William', 'Wilson', 1),
('teacher10', 6125, 1, 'Jane', 'Wilson', 0);



INSERT INTO Reservations (Applications, SDay, Usern, ISBN) VALUES
 ('X59FIYXX5V', '2023-08-22 11:24:43', 'User1', '8780123456791'),
 ('Q014DMV8MW', '2023-12-14 01:34:27', 'User2', '8780123456752'),
 ('12GX8YKT1L', '2023-01-02 19:12:55', 'User3', '8780123456753'),
 ('RE91YDU239', '2023-12-06 03:49:42', 'User4', '8780123456754'),
 ('44PTLMZAKU', '2023-01-30 05:52:23', 'User5', '8780123456755'),
 ('F0LJBGSUGD', '2023-09-24 08:10:08', 'User6', '8780123456756'),
 ('EKEMP3SI0F', '2023-08-22 04:04:24', 'User7', '8780123456757'),
 ('EC596DT5KA', '2023-07-18 23:19:48', 'User8', '8780123456758'),
 ('9DQ2BC4XFL', '2023-07-18 18:36:36', 'User9', '8780123456759'),
 ('FXHQB65AZZ', '2023-07-12 15:26:51', 'User10', '8780123456760'),
 ('7D5XQ00GFB', '2023-04-23 00:56:19', 'User11', '8780123456761'),
 ('E4RHIL3IP5', '2023-12-20 03:08:01', 'User12', '8780123456762'),
 ('YIYMDXG5CX', '2023-07-04 17:04:45', 'User13', '8780123456763'),
 ('W9MYFF15TI', '2023-02-04 12:18:36', 'User14', '8780123456764'),
 ('P389E0FOTV', '2023-10-01 21:40:02', 'User15', '8780123456765'),
 ('3WZ6Y2LB33', '2023-10-28 13:12:46', 'User16', '8780123456766'),
 ('EY27OL8JQG', '2023-12-24 05:39:30', 'User17', '8780123456767'),
 ('PFI4LFR233', '2023-02-10 04:58:49', 'User18', '8780123456768'),
 ('8P0OF0848X', '2023-10-09 20:05:42', 'User19', '8780123456769'),
 ('RDGVGUNGFK', '2023-09-08 02:06:34', 'User20', '8780123456770'),
 ('GSP081EUPZ', '2023-06-26 02:52:49', 'User21', '8780123456771'),
 ('V60PCC877D', '2023-01-31 03:36:04', 'User22', '8780123456772'),
 ('H8UFG7UAV0', '2023-07-27 10:41:05', 'User23', '8780123456773'),
 ('PY1YVOKXJN', '2023-07-23 13:49:09', 'User24', '8780123456774'),
 ('O5PAHHDZTZ', '2023-06-21 07:12:47', 'User25', '8780123456775'),
 ('0Z99EFDR73', '2023-08-08 15:57:03', 'User26', '8780123456776'),
 ('NG28R6PF97', '2023-05-12 08:12:54', 'User27', '8780123456777'),
 ('QN2TS0FLWZ', '2023-08-18 14:56:49', 'User28', '8780123456778'),
 ('ZDI8PUGZJ7', '2023-05-22 20:42:16', 'User29', '8780123456779'),
 ('B7W300UT3G', '2023-03-13 11:03:42', 'User30', '8780123456780'),
 ('RHZAJFMWAT', '2023-02-13 22:40:15', 'User31', '8780123456781'),
 ('NQNRHY6VCO', '2023-01-12 22:15:56', 'User32', '8780123456782'),
 ('I1MTIGL2UO', '2023-05-17 19:58:28', 'User33', '8780123456783'),
 ('88VZPHWGU8', '2023-11-29 23:04:21', 'User34', '8780123456784'),
 ('28Q56QFEDW', '2023-02-27 03:24:49', 'User35', '8780123456785'),
 ('YUVZR48VXN', '2023-11-17 06:00:59', 'User36', '8780123456786'),
 ('OM5FGVHMAO', '2023-12-16 03:42:32', 'User37', '8780123456787'),
 ('804PEA9PU4', '2023-01-01 19:48:03', 'User38', '8780123456788'),
 ('PFTYPGIHW4', '2023-04-26 22:08:17', 'User39', '8780123456789'),
 ('ATDL9OILR0', '2023-10-08 14:28:24', 'User40', '8780123456790');

insert into Rents values
('2023-06-02 00:00:00', '2023-06-09 00:00:00', '2023-05-31 00:00:00', 'student8', '978012345679', 'ΓΕΛ ΝΑΞΟΥ'),
('2023-06-03 00:00:00', '2023-06-10 00:00:00', '2023-06-03 00:00:00', 'student6', '978012345670', 'ΓΕΛ ΝΑΞΟΥ'),
('2023-06-04 00:00:00', '2023-06-11 00:00:00', '2023-06-03 00:00:00', 'student9', '978012345673', 'ΓΕΛ ΜΕΣΟΛΟΓΓΙΟΥ'),
('2023-06-05 00:00:00', '2023-06-12 00:00:00', '2023-06-06 00:00:00', 'student8', '978012345677', 'ΓΕΛ ΝΑΞΟΥ'),
('2023-06-06 00:00:00', '2023-06-13 00:00:00', '2023-06-07 00:00:00', 'student2', '978012345678', 'ΓΕΛ ΖΩΓΡΑΦΟΥ'),
('2023-06-07 00:00:00', '2023-06-14 00:00:00', '2023-06-09 00:00:00', 'student9', '978012345671', 'ΓΕΛ ΖΩΓΡΑΦΟΥ'),
('2023-06-08 00:00:00', '2023-06-15 00:00:00', '2023-06-10 00:00:00', 'student2', '978012345678', 'ΓΕΛ ΜΕΣΟΛΟΓΓΙΟΥ'),
('2023-06-09 00:00:00', '2023-06-16 00:00:00', '2023-06-11 00:00:00', 'student7', '978012345672', 'ΓΕΛ ΝΑΞΟΥ'),
('2023-06-10 00:00:00', '2023-06-17 00:00:00', '2023-06-09 00:00:00', 'student7', '978012345679', 'ΓΕΛ ΜΕΣΟΛΟΓΓΙΟΥ'),
('2023-06-11 00:00:00', '2023-06-18 00:00:00', '2023-06-10 00:00:00', 'student6', '978012345671', 'ΓΕΛ ΝΑΞΟΥ'),
('2023-06-12 00:00:00', '2023-06-19 00:00:00', '2023-06-10 00:00:00', 'student9', '978012345678', 'ΓΕΛ ΜΕΣΟΛΟΓΓΙΟΥ'),
('2023-06-13 00:00:00', '2023-06-20 00:00:00', '2023-06-15 00:00:00', 'student10', '978012345677', 'ΓΕΛ ΜΕΣΟΛΟΓΓΙΟΥ'),
('2023-06-14 00:00:00', '2023-06-21 00:00:00', '2023-06-15 00:00:00', 'student10', '978012345676', 'ΓΕΛ ΖΩΓΡΑΦΟΥ'),
('2023-06-15 00:00:00', '2023-06-22 00:00:00', '2023-06-17 00:00:00', 'student5', '978012345673', 'ΓΕΛ ΝΑΞΟΥ'),
('2023-06-16 00:00:00', '2023-06-23 00:00:00', '2023-06-17 00:00:00', 'student0', '978012345677', 'ΓΕΛ ΜΕΣΟΛΟΓΓΙΟΥ'),
('2023-06-17 00:00:00', '2023-06-24 00:00:00', '2023-06-19 00:00:00', 'student10', '978012345675', 'ΓΕΛ ΝΑΞΟΥ'),
('2023-06-18 00:00:00', '2023-06-25 00:00:00', '2023-06-18 00:00:00', 'student7', '978012345677', 'ΓΕΛ ΖΩΓΡΑΦΟΥ'),
('2023-06-19 00:00:00', '2023-06-26 00:00:00', '2023-06-19 00:00:00', 'student4', '978012345671', 'ΓΕΛ ΖΩΓΡΑΦΟΥ'),
('2023-06-20 00:00:00', '2023-06-27 00:00:00', '2023-06-19 00:00:00', 'student1', '978012345673', 'ΓΕΛ ΝΑΞΟΥ'),
('2023-06-21 00:00:00', '2023-06-28 00:00:00', '2023-06-21 00:00:00', 'student4', '978012345675', 'ΓΕΛ ΜΕΣΟΛΟΓΓΙΟΥ'),
('2023-06-22 00:00:00', '2023-06-29 00:00:00', '2023-06-23 00:00:00', 'student7', '978012345677', 'ΓΕΛ ΝΑΞΟΥ'),
('2023-06-23 00:00:00', '2023-06-30 00:00:00', '2023-06-22 00:00:00', 'student2', '978012345671', 'ΓΕΛ ΖΩΓΡΑΦΟΥ');


INSERT INTO Rents (StartD, Returnd, Users, ISBN, due_d)
Values 
('2023-06-02 00:00:00', '2023-06-09 00:00:00', 'student9', '978012345674', '2023-05-31 00:00:00'),
('2023-06-03 00:00:00', '2023-06-10 00:00:00', 'student0', '978012345679', '2023-06-05 00:00:00'),
('2023-06-04 00:00:00', '2023-06-11 00:00:00', 'student1', '978012345677', '2023-06-03 00:00:00'),
('2023-06-05 00:00:00', '2023-06-12 00:00:00', 'student6', '978012345670', '2023-06-07 00:00:00'),
('2023-06-06 00:00:00', '2023-06-13 00:00:00', 'student10', '978012345679', '2023-06-08 00:00:00'),
('2023-06-07 00:00:00', '2023-06-14 00:00:00', 'student4', '978012345673', '2023-06-08 00:00:00'),
('2023-06-08 00:00:00', '2023-06-15 00:00:00', 'student10', '978012345671', '2023-06-10 00:00:00'),
('2023-06-09 00:00:00', '2023-06-16 00:00:00', 'student8', '978012345675', '2023-06-11 00:00:00'),
('2023-06-10 00:00:00', '2023-06-17 00:00:00', 'student5', '978012345674', '2023-06-09 00:00:00'),
('2023-06-11 00:00:00', '2023-06-18 00:00:00', 'student3', '978012345679', '2023-06-12 00:00:00'),
('2023-06-12 00:00:00', '2023-06-19 00:00:00', 'student7', '978012345676', '2023-06-11 00:00:00'),
('2023-06-13 00:00:00', '2023-06-20 00:00:00', 'student2', '978012345676', '2023-06-11 00:00:00'),
('2023-06-14 00:00:00', '2023-06-21 00:00:00', 'student1', '978012345675', '2023-06-14 00:00:00'),
('2023-06-15 00:00:00', '2023-06-22 00:00:00', 'student2', '978012345677', '2023-06-17 00:00:00'),
('2023-06-16 00:00:00', '2023-06-23 00:00:00', 'student10', '978012345674', '2023-06-16 00:00:00'),
('2023-06-17 00:00:00', '2023-06-24 00:00:00', 'student3', '978012345672', '2023-06-16 00:00:00'),
('2023-06-18 00:00:00', '2023-06-25 00:00:00', 'student4', '978012345670', '2023-06-19 00:00:00'),
('2023-06-19 00:00:00', '2023-06-26 00:00:00', 'student0', '978012345672', '2023-06-20 00:00:00'),
('2023-06-20 00:00:00', '2023-06-27 00:00:00', 'student0', '978012345674', '2023-06-21 00:00:00'),
('2023-06-21 00:00:00', '2023-06-28 00:00:00', 'student4', '978012345676', '2023-06-21 00:00:00'),
('2023-06-22 00:00:00', '2023-06-29 00:00:00', 'student10', '978012345671', '2023-06-24 00:00:00'),
('2023-06-23 00:00:00', '2023-06-30 00:00:00', 'student1', '978012345674', '2023-06-21 00:00:00');



INSERT INTO Reservations (Applications, SDay, Users, ISBN) VALUES
 ('0OPKU5G7HN', '2023-11-05','2023-11-12', 'student28', '978012345671'),
 ('8D5O2X1ZA4', '2023-02-02','2023-02-09', 'student25', '978012345672'),
 ('USD7EGPPDU', '2023-12-03','2023-12-10', 'student22', '978012345673'),
 ('CTPJL88PRU', '2023-05-29','2023-06-05', 'student20', '978012345674'),
 ('3ZJK540KER', '2023-02-22','2023-03-01', 'teacher7', '978012345675'),
 ('FFHBVHGQ6K', '2023-12-06','2023-12-13', 'student23', '978012345676'),
 ('DW7HJI3IWU', '2023-03-15','2023-03-22', 'student19', '978012345677'),
 ('4Z1LI28547', '2023-10-16','2023-10-23', 'student6', '978012345678'),
 ('K12YXIFLPU', '2023-10-01','2023-10-08', 'teacher9', '978012345679'),
 ('DA95J6E2J0', '2023-07-20','2023-07-27', 'student15', '9780123456710'),
 ('UV11VNEKC7', '2023-01-30','2023-02-06', 'student16', '9780123456711'),
 ('JD1RNUK0OM', '2023-06-08','2023-06-15', 'student21', '9780123456712'),
 ('R58BNPKHI3', '2023-10-09','2023-10-16', 'student12', '9780123456713'),
 ('BXRZMC7GIF', '2023-07-05','2023-07-12', 'teacher2', '9780123456714'),
 ('YSOLNGXDUH', '2023-12-22','2023-12-29', 'teacher5', '9780123456715'),
 ('YIJBYVW80G', '2023-06-06','2023-06-13', 'student11', '9780123456716'),
 ('PZSJLXOTG2', '2023-09-14','2023-09-21', 'student10', '9780123456717'),
 ('69W1BVFA51', '2023-05-27','2023-06-03', 'student4', '9780123456718'),
 ('SUSYQED3K1', '2023-10-14','2023-10-21', 'student10', '9780123456719'),
 ('MKERJ49AG9', '2023-12-03','2023-12-10', 'teacher4', '9780123456720'),
 ('F5RUTG9DK8', '2023-08-04','2023-08-11', 'teacher3', '9780123456721'),
 ('E5XJBMWQG5', '2023-06-30','2023-07-07', 'student28', '9780123456722'),
 ('BJG6OTW874', '2023-01-27','2023-02-03', 'student10', '9780123456723'),
 ('Q533BTQ5NJ', '2023-10-19','2023-10-26', 'student25', '9780123456724'),
 ('XFLK7988YN', '2023-08-10','2023-08-17', 'teacher10', '9780123456725'),
 ('KTSU25KSSY', '2023-03-02','2023-03-09', 'student7', '9780123456726'),
 ('PTFUWF2W5W', '2023-05-10','2023-05-17', 'student27', '9780123456727'),
 ('CE474HVQVL', '2023-11-05','2023-11-12', 'student11', '9780123456728'),
 ('27YY1Y8YRX', '2023-03-15','2023-03-22', 'student11', '9780123456729'),
 ('YM7WF166FQ', '2023-06-03','2023-06-10', 'student26', '9780123456730'),
 ('3BU6D1WGGZ', '2023-09-26','2023-10-03', 'student30', '9780123456731'),
 ('G6AI208XJ1', '2023-05-21','2023-05-28', 'student15', '9780123456732'),
 ('0L61J9AQ79', '2023-06-18','2023-06-25', 'teacher4', '9780123456733'),
 ('XTVVFC59C2', '2023-10-16','2023-10-23', 'teacher6', '9780123456734'),
 ('WCBPN7NDJQ', '2023-01-01','2023-01-08', 'student22', '9780123456735'),
 ('19WF4LVHY7', '2023-04-07','2023-04-14', 'student7', '9780123456736'),
 ('FA7F7UAPVA', '2023-07-30','2023-08-06', 'student2', '9780123456737'),
 ('YK9FERYH4B', '2023-03-01','2023-03-08', 'student11', '9780123456738'),
 ('7U0FMHKH9P', '2023-01-25','2023-02-01', 'student2', '9780123456739'),
 ('3OFALLWFOD', '2023-03-29','2023-04-05', 'student7', '9780123456740');

insert into Review 
values 
('good', 1, '878012345670', 'student7'),
('good', 6, '878012345671', 'teacher1'),
('good', 10, '878012345672', 'teacher2'),
('good', 9, '878012345673', 'student5'),
('good', 2, '878012345674', 'student5'),
('good', 5, '878012345675', 'student1'),
('good', 1, '878012345676', 'student3'),
('good', 9, '878012345677', 'student7'),
('good', 4, '878012345678', 'student8'),
('good', 4, '878012345679', 'teacher1'),
('good', 6, '8780123456710', 'student5'),
('good', 1, '8780123456711', 'teacher4'),
('good', 0, '8780123456712', 'student5'),
('good', 6, '8780123456713', 'student0'),
('good', 10, '8780123456714', 'student10'),
('good', 5, '8780123456715', 'student5'),
('good', 2, '8780123456716', 'student2'),
('good', 7, '8780123456717', 'student1'),
('good', 3, '8780123456718', 'teacher2'),
('good', 0, '8780123456719', 'student0'),
('good', 0, '8780123456720', 'student1'),
('good', 10, '8780123456721', 'student10'),
('good', 4, '8780123456722', 'student9'),
('good', 9, '8780123456723', 'student5'),
('good', 9, '8780123456724', 'student0'),
('good', 2, '8780123456725', 'teacher5'),
('good', 10, '8780123456726', 'teacher1'),
('good', 1, '8780123456727', 'teacher4'),
('good', 3, '8780123456728', 'teacher5'),
('good', 7, '8780123456729', 'teacher3'),
('good', 10, '8780123456730', 'student4'),
('good', 0, '8780123456731', 'student10'),
('good', 7, '8780123456732', 'student4'),
('good', 2, '8780123456733', 'student6'),
('good', 3, '8780123456734', 'teacher5'),
('good', 3, '8780123456735', 'student2'),
('good', 9, '8780123456736', 'student5'),
('good', 0, '8780123456737', 'student5'),
('good', 2, '8780123456738', 'teacher4'),
('good', 10, '8780123456739', 'teacher5'),
('good', 6, '8780123456740', 'student8');


